Artist_Albums_Number,Artist_Albums_Tracks_Number,Artist_Appearances_Number,Artist_Appearances_Tracks_Number,Artist_Compilations_Number,Artist_Compilations_Tracks_Number,Artist_Follower,Artist_ID,Artist_Popularity,Artist_Singles_Number,Artist_Singles_Tracks_Number,Genre,Release_Date,Streams,Track_Artist,Track_Duration_ms,Track_ID,Track_Popularity,Track_Title,acousticness,danceability,energy,instrumentalness,key,liveness,loudness,mode,speechiness,tempo,time_signature,valence,commentCount,dislikeCount,likeCount,video_ID,viewsCount,Charts
1221,1461,0,0,64,2121,2492413,5aIqB5nVVvmFsvSdExz408,80,229,96,Classic,2019-03-29,,Johann Sebastian Bach,139306,4SFBV7SRNG2e2kyL1F6kjU,63,"The Well-Tempered Clavier: Book 1, BWV 846-869: 1. Prelude in C Major, BWV 846","0,989","0,221","0,126","0,897",0,"0,102","-25,427",1,"0,0447","133,63",4,"0,216",0,4,126,ChdQ3xmTh8s,8580,0
725,893,535,1898,38,1065,321335,0Kekt6CKSo0m5mivKcoH51,66,86,154,Classic,2015-08-28,,Sergei Rachmaninoff,174653,419qlOGNXoyICx4jO0hqaj,54,"Rhapsody On A Theme Of Paganini, Op.43: Variation 18. Andante cantabile","0,98","0,205","0,0525","0,906",1,"0,103","-23,841",1,"0,0327","88,316",4,"0,0511",9,3,454,JY_RfJcUPFM,64572,0
355,1699,1080,1727,24,642,275444,5ihY290YPGc3aY2xTyx7Gy,65,19,61,Classic,2015-05-18,,Edvard Grieg,820853,2Z4aQJh0kesRMookvtfR4y,56,"Piano Concerto in A Minor, Op.16: I. Allegro molto moderato","0,975","0,303","0,119","0,88",9,"0,112","-18,055",0,"0,0386","94,868",4,"0,038",35,4,724,zaJRibTfOec,74467,0
1156,1230,0,0,101,1317,3321232,4NJhFmfw43RLBLjQvxDuRS,79,181,69,Classic,1959,,Wolfgang Amadeus Mozart,532040,63cA2QfqtWZa0GGPZnYc0K,50,Clarinet Concerto in A K622 (1990 Digital Remaster): II. Adagio,"0,98","0,0999","0,0241","0,766",2,"0,0623","-25,651",1,"0,0432","89,001",3,"0,0396",0,0,21,gA5Jvy2_6Kc,509,0
1148,1008,0,0,122,2109,3104946,2wOqMjp9TyABvtHdOSOTUS,77,124,66,Classic,1995-01-01,,Ludwig van Beethoven,442000,6cUCckpdlqHJ5Ascf2uH2A,61,"Symphony No. 5 in C Minor, Op. 67: 1. Allegro con brio","0,957","0,248","0,298","0,9",0,"0,0943","-15,661",0,"0,0395","97,853",4,"0,157",0,3,61,xK2YGMISH8I,3845,0
273,826,1223,1485,9,182,199741,436sYg6CZhNefQJogaXeK0,66,28,63,Classic,2015-09-18,,Camille Saint-Saëns,174266,0jOnZhF75V68VsBObWx2XO,65,"The Carnival of the Animals, R. 125: XIII. The Swan (Arr. for Cello and Piano)","0,986","0,169","0,0161","0,86",9,"0,0805","-31,034",0,"0,0442","128,143",3,"0,0573",1,0,17,-QtomSq3jhk,491,0
600,755,858,1680,11,416,137562,4kHtgiRnpmFIV5Tm4BIs8l,60,28,118,Classic,1973,,Sergei Prokofiev,341693,7HSs4srn1qnZhh7WRWBVOk,54,"Prokofiev: Romeo and Juliet, Op. 64, Act 1: No. 13, Dance of the Knights (Complete Ballet)","0,927","0,209","0,101","0,9",0,"0,0776","-19,383",1,"0,0403","85,851",4,"0,153",2,2,127,IhVtglR8lkI,4978,0
0,0,86,1282,0,0,24845,3FzG2HgsgPRfwpX1qSK1g8,52,67,64,Techno,2020-02-10,,Mark Dekoda,315223,3M5F5teshlnR7LM5TQMEzq,46,The Curse,"0,000194","0,809","0,649","0,901",9,"0,109","-6,284",0,"0,0666","133,994",4,"0,0388",51,8,801,DuWu4oPYc8A,14994,0
4,38,41,980,1,8,1492,2Sj2h8wkeOzMnfxaSj43gG,44,27,73,Techno,2020-02-07,,Christopher Kah,514453,6swmjjI795zQvZ9iOs5chj,43,Lunar,"0,000217","0,721","0,887","0,847",11,"0,111","-7,273",0,"0,093","132,004",4,"0,0422",0,0,2,1jMXngQT134,69,0
6,57,284,915,0,0,4194,1YeRLPqVEJIpa6jstdiD0O,44,101,136,Techno,2020-02-17,,Frankyeffe,353417,0VbtTdpujHp0yRUuHfQ52z,42,Advance,"0,487","0,685","0,495","0,932",1,"0,111","-14,287",1,"0,0392","131,007",1,"0,0373",2,0,71,w6gv1kb_1lc,1221,0
0,0,85,748,0,0,8496,2jvTYwyzxK1FVYGEoKfZLQ,48,42,108,Techno,2019-11-22,,Cosmic Boys,471968,5UduvVx5HmM4WOL0jGwdqZ,52,Dream,"0,0105","0,735","0,84","0,806",7,"0,0805","-4,934",1,"0,0631","126,997",4,"0,304",0,0,153,I9VwQOe9vOo,5946,0
3,38,25,732,0,0,5732,4xfA60YoR4UbBxuOn9WXJq,47,24,36,Techno,2020-01-17,,A*S*Y*S,376615,6ii9jXHOcmfB5vXYe8u4Qo,47,No Tech,"0,000157","0,731","0,938","0,877",6,"0,106","-6,432",1,"0,062","129,993",3,"0,0536",19,5,928,_WzLlJ4Q7VI,16718,0
2,16,427,1131,0,0,4750,3jcvzSheHd14vjraXHLGPN,44,82,87,Techno,2019-12-13,,Belocca,422070,6HOsFY1ygOG1C5SB5jjy8H,49,Mental Cinema,"0,000521","0,722","0,808","0,865",7,"0,0707","-7,936",1,"0,0978","127,989",4,"0,323",3,4,118,6DClm9EtJsw,3482,0
0,0,70,1001,0,0,23418,59a1Bp0JQfL2mGnpL0lW2Y,55,15,41,Techno,2019-12-13,,Joyhauser,382500,4BMCwBiTAtmoYc3PXe7QJQ,51,Landa,"0,00183","0,708","0,723","0,895",7,"0,0911","-4,691",1,"0,0549","127,99",4,"0,376",6,3,375,-Az9jVjiUoE,14754,0
3,53,14,285,0,0,615421,12xme1fwd3iGEW7rF9b6tp,67,14,24,Pop,2019-09-20,103239,Wincent Weiss,181000,5YOKXGkBdTHpGhnBUtVaFH,58,Einmal im Leben,"0,335","0,658","0,73",0,0,"0,585","-6,603",1,"0,0625","148,029",4,"0,681",194,195,8145,pCuShIh7KVc,779924,1
3,41,26,431,0,0,2373939,5JZ7CnR6gTvEMKX4g70Amv,90,28,45,Pop,2018-05-31,88407,Lauv,197436,2P91MQbaiQOfbiz9VqhqKQ,77,I Like Me Better,"0,535","0,752","0,505","0,00000255",9,"0,104","-7,621",1,"0,253","91,97",4,"0,419",21221,16462,1024631,BcqxLCWn-CE,76869482,1
17,232,242,2115,0,0,15801999,5WUlDfRSoLAfcVSX1WnrxN,89,52,103,Pop,2019-03-14,168328,Sia,175823,3Y7a0typ6ik1KscmebXd6D,22,No New Friends,"0,0648","0,724","0,702","0,000256",7,"0,121","-4,622",1,"0,0429","106,044",4,"0,688",16136,18297,671563,kkUIdK9eaIk,35666331,1
62,902,121,3284,34,1180,163949,2nvKpWcP8etYTq4JrRiUiy,61,17,29,Pop,1991-11-18,1194983,Cliff Richard,245333,3AgiRs3oxc2dFh0CPUHXJs,53,Mistletoe and Wine,"0,69","0,498","0,432",0,9,"0,136","-14,392",1,"0,0345","135,002",3,"0,364",206,595,11319,rZCEBibnRM8,2583132,1
4,57,34,1685,4,31,129894,7CyeXFnOrfC1N6z4naIpgo,64,1,1,Pop,2019-11-08,2224261,The Ronettes,180832,1ODZGydlown4VesUP8HLJX,39,Sleigh Ride,"0,457","0,527","0,768","0,00000236",2,"0,304","-7,557",1,"0,0304","91,75",4,"0,799",1656,1321,40764,Y6rDA2Czz0E,11733733,1
3,47,122,2189,0,0,5514835,5CCwRZC6euC8Odo6y9X8jr,82,50,86,Pop,2018-11-23,2815624,Rita Ora,191120,5Fla3zyOCcIRqrDoKLU0DP,70,Let You Love Me,"0,275","0,475","0,846",0,10,"0,0824","-3,344",1,"0,283","96,036",4,"0,451",25477,57071,1543207,XCQK6LmhYqc,405437416,1
1,12,1,18,0,0,370642,0JBdTCGs111JKKYfLqOEBa,66,9,14,Pop,2019-09-19,321830,Shirin David,181666,21jodIFxeMga1yLqFAoPdq,44,Gibt es Dich?,"0,699","0,636","0,427","0,00000163",6,"0,117","-10,991",0,"0,513","90,583",5,"0,614",68,108,2068,anm51b-wkBQ,201567,1
10,153,87,1130,0,0,60136077,6eUKZXaKkcviH0Ku9w2n3V,96,70,52,Pop,2019-07-12,1265049,Ed Sheeran,189733,1AI7UPw3fgwAFkvAlZWhE0,74,Take Me Back to London (feat. Stormzy),"0,219","0,885","0,762",0,8,"0,162","-5,513",0,"0,216","138,059",4,"0,605",34117,22925,793151,XJQy_R9CYR4,60116012,1
0,0,9,502,0,0,748052,2NjfBq1NflQcKSeiDooVjY,91,3,10,Pop,2019-05-10,106824437,Tones and I,209754,1rgnBhdG2JDFTbYkYRZAku,76,Dance Monkey,"0,688","0,825","0,593","0,000161",6,"0,17","-6,401",0,"0,0988","98,078",4,"0,54",174658,322184,7494590,q0hyYWKXF0Q,748367421,1
5,55,45,1809,0,0,1628519,25u4wHJWxCA9vO0CzxAbK7,77,8,10,Pop,2019-11-08,622568,Lukas Graham,240689,1Cth2nNUYYfCiSoIei6rCi,55,HERE (For Christmas),"0,296","0,742","0,625",0,8,"0,148","-5,296",1,"0,059","114,902",4,"0,31",1732,546,58130,DGyMjoIfgIw,2548925,1
1,11,11,170,0,0,504848,06nvjg4wBANK6DCHjqtPNd,74,12,12,Pop,2019-02-22,4167421,Mahmood,195133,4szQkW1CDHqbRZGltXJdd3,72,Soldi,"0,0361","0,729","0,589",0,3,"0,305","-9,871",0,"0,0483","95,065",4,"0,349",80532,102868,1460821,22lISUXgSUw,151289017,1
3,58,25,645,0,0,621854,1MIVXf74SZHmTIp4V4paH4,81,39,66,Pop,2019-01-18,43688287,Mabel,178480,5WHTFyqSii0lmT9R21abT8,82,Don't Call Me Up,"0,296","0,674","0,881","0,00000301",9,"0,0793","-2,853",1,"0,147","98,994",4,"0,234",27590,48223,1533271,9TQKyDD9Yig,189621748,1
3,52,52,1053,0,0,477629,20gsENnposVs2I4rQ5kvrf,81,64,88,Pop,2019-11-01,557076,Sam Feldt,183902,5iZ3pb0ZqlLJyFIcNUh683,43,Winter Wonderland,"0,247","0,411","0,863",0,9,"0,025","-5,406",1,"0,102","119,276",4,"0,387",386,136,8713,EVVOwY3g-UY,657812,1
9,133,119,1975,6,147,7034928,26dSoYclwsYLMAKD3tpOr4,82,29,106,Pop,2019-11-13,3641664,Britney Spears,257026,6id0KJ3XgvJLSzyMtHBj67,27,My Only Wish (This Year),"0,175","0,666","0,824",0,0,"0,205","-4,743",1,"0,0267","147,069",4,"0,698",4343,4424,62522,wrvebqA8xdM,43511722,1
13,230,305,1398,2,19,22742618,04gDigrS5kc9YWfZHwBETP,92,38,51,Pop,2018-06-15,1263479,Maroon 5,235545,7fa9MBXhVfQ8P8Df9OEbD8,78,Girls Like You (feat. Cardi B),"0,568","0,851","0,541",0,0,"0,13","-6,825",1,"0,0505","124,959",4,"0,448",590834,669626,16009501,aJOTlE1K90k,2598870760,1
6,116,30,840,0,0,1415022,7qXzy6c5RWT0XlVQcOBIDG,70,30,47,Pop,2019-09-13,10609248,Mark Forster,220893,6kga9ZYARzHBprnLOENrMQ,68,194 Länder - Single Version,"0,352","0,787","0,818",0,6,"0,13","-4,961",1,"0,157","105,026",4,"0,626",6291,7360,192780,7bczvKRhycA,24145362,1
9,125,99,2366,0,0,9059118,20JZFwl6HVl6yg8a4H3ZqK,87,22,33,Pop,2018-06-22,22286973,Panic! At The Disco,190946,1rqqCSm0Qe4I9rUvWncaom,84,High Hopes,"0,193","0,579","0,904",0,5,"0,064","-2,729",1,"0,0618","82,014",4,"0,681",170090,109300,4016991,IPXIgEAGe4U,434477306,1
12,161,372,1319,1,31,33340962,1uNFoZAHBGtllmzznpCI3s,99,25,56,Pop,2020-02-07,1384841,Justin Bieber,212868,364dI1bYnvamSnBJ8JcNzN,92,Intentions,"0,317","0,811","0,553",0,9,"0,105","-6,644",1,"0,0552","148,014",4,"0,86",1473,297,30979,TYVvtWLk8xw,281241,1
17,226,74,1407,1,8,3664237,1GxkXlMwML1oSg5eLPiAz3,81,15,50,Pop,2011-10-14,166344,Michael Bublé,227520,6B14wYcEpWhyDvxWRb9Df8,40,Silent Night,"0,959","0,239","0,124","0,0237",7,"0,103","-14,542",1,"0,0308","80,986",3,"0,113",335,496,11385,-iZGh91-v7Y,6739358,1
6,83,113,1359,2,35,19642996,0C8ZW7ezQVs4URX5aX7Kqx,92,34,54,Pop,2020-02-21,520970,Selena Gomez,226002,6XXYdF6pJR1K3wKvuxmu7n,84,Feel Me,"0,44","0,71","0,808","0,000773",2,"0,0734","-6,703",0,"0,0433","99,989",4,"0,392",17057,2831,359035,4Th0EwFmkLA,5137164,1
3,32,33,607,0,0,15568996,69GGBxA162lTqCwzJG5jLp,90,58,145,Pop,2019-11-08,101533,The Chainsmokers,181844,2a3dopgTF1q4rMVDJ1rwBU,49,Push My Luck,"0,288","0,584","0,643",0,2,"0,186","-6,415",1,"0,0395","90,036",4,"0,53",5094,3324,174803,HcYo_92vdbE,6219048,1
9,133,14,338,0,0,5819841,5Rl15oVamLq7FbSb0NNBNy,87,37,81,Pop,2019-08-23,5653146,5 Seconds of Summer,204887,26wLOs3ZuHJa2Ihhx6QIE6,75,Teeth,"0,0516","0,749","0,461","0,00000624",10,"0,0738","-2,961",0,"0,0416","139,02",4,"0,42",30512,12970,950087,JWeJHN5P-E8,38984975,1
5,98,225,1398,0,0,7616843,0X2BH1fck6amBIoJhDVmmJ,85,29,50,Pop,2017-12-08,330093,Ellie Goulding,194727,0dKBg0sPcfOFXFxSs23Xz5,44,O Holy Night,"0,937","0,268","0,206","0,00000406",10,"0,103","-9,907",1,"0,0314","103,425",3,"0,206",27,22,1053,6OPQmn75y3I,80253,1
42,675,239,2002,8,175,154300,4cPHsZM98sKzmV26wlwD2W,62,2,2,Pop,1991-09-13,727145,Brenda Lee,126146,09OojFvtrM9YRzRjnXqJjA,54,Rockin' Around the Christmas Tree,"0,568","0,682","0,641",0,8,"0,224","-8,915",1,"0,0386","141,002",4,"0,826",1838,1525,46374,is4NQkUN3AI,7201384,1
0,0,14,566,0,0,385908,3EOEK57CV77D4ovYVcmiyt,74,17,27,Pop,2019-02-15,19091437,Dennis Lloyd,175424,2QrXzOqLCVDRZHkToA0tSR,71,Never Go Back,"0,0135","0,421","0,653",0,9,"0,114","-4,85",0,"0,398","78,6",4,"0,733",2148,2444,211613,lhGl9D514Bc,11427989,1
41,634,109,2018,11,206,259580,4sj6D0zlMOl25nprDJBiU9,66,1,1,Pop,1963,2435620,Andy Williams,151000,1IcR6RlgvDczfvoWJSSY2A,41,It's the Most Wonderful Time of the Year,"0,871","0,234","0,526","0,00000234",2,"0,122","-11,656",1,"0,0411","201,739",3,"0,649",8142,3719,87949,gFtb3EtjEic,34771011,1
1,13,3,76,0,0,546720,5KNNVgR6LBIABRIomyCwKJ,79,15,39,Pop,2019-10-04,12249518,Dermot Kennedy,245699,4Ta3PhWmY50ZLU1uhKFKPE,69,Outnumbered,"0,247","0,614","0,684",0,0,"0,0976","-5,79",1,"0,157","156,85",4,"0,258",4543,4271,182933,A48hOToMuRE,20928339,1
0,0,8,77,0,0,8894,7jkdo74SDT1PYu6Ksbusxa,62,10,10,Pop,2020-01-31,1286789,Edin,160053,1o4llEQ3Fe7slQPCt0nxGL,65,Dynamit,"0,0316","0,462","0,573",0,8,"0,182","-5,984",1,"0,0865","102,011",4,"0,706",378,677,11872,rDmzLsVD-3Q,734602,1
3,54,166,1114,0,0,21906802,1i8SpTcr7yvPOmcqrbnVXY,96,74,54,Pop,2019-01-05,5203706,Ozuna,158400,7uH27oIt4a6cIFCA8ZPcyG,47,Baila Baila Baila,"0,0361","0,816","0,754",0,11,"0,217","-2,75",0,"0,111","99,966",4,"0,533",28761,55049,1327353,32F2d-wj4Xw,175593319,1
8,128,219,1376,1,20,9487764,5Pwc4xIPtQLFEnJriah9YJ,85,37,54,Pop,2011-01-01,321191,OneRepublic,197146,4gWpUjTbcwASiRVkJM319B,43,Christmas Without You,"0,447","0,262","0,676",0,7,"0,205","-5,645",1,"0,0527","207,485",3,"0,364",112,58,2452,EUr4q17ZHsk,465947,1
3,36,39,2313,0,0,1491767,7z5WFjZAIYejWy0NI5lv4T,84,21,30,Pop,2019-10-04,6204821,Dan + Shay,167693,2wrJq5XKLnmhRXHIAf9xBa,89,"10,000 Hours (with Justin Bieber)","0,153","0,654","0,63",0,10,"0,111","-4,644",1,"0,0259","89,991",4,"0,43",56080,82984,2082417,Y2E71oe0aSM,126911080,1
2,35,14,202,0,0,624846,7z2avKuuiMAT4XZJFv8Rvh,77,50,79,Pop,2019-03-01,4277066,Tom Walker,174982,03x2rVJRFUrvwlfxoHd9Mo,67,Just You and I,"0,456","0,567","0,696",0,9,"0,113","-5,416",1,"0,301","92,061",4,"0,544",3833,7662,379903,fS0SyW980YI,42914302,1
5,51,502,1552,0,0,16994280,1vCWHaC5f2uS3yhpwWbIA6,88,61,141,Pop,2019-04-10,14452370,Avicii,157202,6nDKrPlXdpomGBgAlO7UdP,26,SOS,"0,272","0,802","0,645",0,5,"0,119","-6,181",0,"0,0715","100,001",4,"0,376",77338,14402,1126233,u8tdT5pAE34,87272070,1
3,33,12,266,0,0,202177,5pDjmC5mRl7vDJhsjVwNfk,75,23,27,Pop,2019-07-19,7962975,Freya Ridings,211842,5tZWtGT65sMrDVPB5H444n,74,Castles,"0,0046","0,672","0,752","0,00047",4,"0,056","-4,866",1,"0,0843","116,945",4,"0,429",3793,3509,120820,H-3rxh8kZHE,18251514,1
1,12,0,0,0,0,74008,2TiXt00aPsggbxZxL1RaG7,64,4,4,Pop,2019-10-10,288811,KUMMER,118871,4NPVQkAy98MQNfFkVCI8On,53,Nicht die Musik,"0,00628","0,649","0,714",0,1,"0,0856","-5,766",1,"0,134","192,035",4,"0,274",1205,829,29608,aJp9rVqXsb0,1067767,1
1,12,0,0,0,0,1281806,5IH6FPUwQTxPSXurCrcIov,83,7,11,Pop,2018-11-16,24733321,Alec Benjamin,169353,2qxmye6gAegTMjLKEBoR3d,84,Let Me Down Slowly,"0,74","0,652","0,557",0,1,"0,124","-5,714",0,"0,0318","150,073",4,"0,483",41880,23880,2000041,50VNCymT-Cs,116592387,1
10,145,73,2785,3,65,1206948,6Ff53KvcvAj5U7Z1vojB5o,74,1,4,Pop,1998,1354320,*NSYNC,252906,2il7ZxLzVhPxMHNidnsa3I,44,"Merry Christmas, Happy Holidays","0,0999","0,655","0,942",0,5,"0,878","-3,984",1,"0,0481","105,007",4,"0,764",3058,2174,40751,wKj92352UAE,11842861,1
4,65,50,1664,0,0,8692184,6JL8zeS1NmiOftqZTRgdTz,83,34,64,Pop,2015-01-09,2411786,Meghan Trainor,219653,0lTurWECr2XL607eJAj1A3,53,I'll Be Home,"0,318","0,462","0,37","0,00000484",2,"0,108","-7,779",1,"0,0267","84,738",4,"0,285",3306,2817,83676,2P8RU_dHyi4,14032387,1
0,0,4,69,0,0,307385,4qIVPF0s71ZYW3qzhu5GkF,81,11,15,Pop,2018-10-08,1134787,Kina,179080,4ZLzoOkj0MPWrTLvooIuaa,86,Get You The Moon (feat. Snøw),"0,72","0,498","0,235",0,1,"0,144","-16,541",0,"0,188","118,917",4,"0,0895",44919,18467,2184389,WTsmIbNku5g,133276459,1
0,0,1,1,0,0,29221,5Cj0xJrG2k8TPOJQ1vdAmZ,61,15,15,Pop,2020-01-22,1198970,Tayna,195250,4kZa1KQIYhpOtnvcIg66UE,67,Edhe ti,"0,165","0,794","0,746",0,8,"0,126","-3,522",0,"0,314","99,846",4,"0,725",19867,15747,217250,zVvGZNM0fCA,18873612,1
0,0,30,1274,0,0,45607,4ofCBoyEiGSePFAG500xev,81,14,14,Pop,2019-07-26,40196182,Regard,157605,2tnVG71enUj33Ic2nFN6kZ,91,Ride It,"0,177","0,88","0,751","0,0000643",7,"0,106","-4,258",0,"0,0874","117,948",4,"0,884",8220,10969,478770,ucVUEmjKsko,47160290,1
1,25,114,2590,0,0,15588195,6M2wZ9GZgrQXHCFfjv46we,94,37,91,Pop,2020-01-30,3114033,Dua Lipa,193829,5px6upUHM3fhOP621Edp4V,90,Physical,"0,0137","0,647","0,844","0,000658",0,"0,102","-3,756",1,"0,0457","146,962",4,"0,746",29145,19778,957363,9HDEHj2yzew,41047320,1
6,99,19,441,0,0,430035,5slpk6nu2IwwKx0EHe3GcL,68,19,35,Pop,2019-04-05,3921313,Lena,194569,6dcWHkIgaklSNeT8tQRfpS,43,thank you,"0,314","0,802","0,712","0,000263",9,"0,0715","-4,833",1,"0,0484","112,017",4,"0,58",4609,3117,92672,Y1J41MQh3Ss,4446970,1
8,125,16,175,0,0,487844,224CDJhbm230iSo9ZomTWe,63,18,27,Pop,2019-09-27,2652350,Max Giesinger,209966,7hrPCnodGyujkPusquA8fS,57,"Auf das, was da noch kommt","0,0879","0,661","0,862","0,00000174",6,"0,117","-4,658",0,"0,0699","119,831",4,"0,659",1070,1383,38761,fFqmzYwM1IQ,3748831,1
5,75,21,359,0,0,9743147,26VFTg2z8YR0cCuwLzESi2,94,28,50,Pop,2019-05-17,1928242,Halsey,231998,340UVheS8z3ncW9TTUhAbc,75,Nightmare,"0,0188","0,611","0,622",0,9,"0,359","-5,075",0,"0,0734","146,11",4,"0,538",87245,77023,1975146,Q_dqfcvTZik,86301577,1
0,0,0,0,0,0,1881,3Xe69Zmna6TRo8hr5tyoVS,52,1,1,Pop,2019-11-10,3121558,Freschta Akbarzada,180436,1k2vj1GmBJz5O0Yvm48crP,63,Meine 3 Minuten - From The Voice Of Germany,"0,152","0,595","0,69",0,1,"0,346","-3,803",1,"0,116","169,728",4,"0,43",3066,1593,70738,Cf91ha3f20k,4392598,1
1,14,18,421,0,0,21832072,6qqNVTkY8uBg9cP3Jd7DAH,99,17,31,Pop,2019-03-29,3628939,Billie Eilish,168839,6IRdLKIyS4p7XNiP8r6rsx,85,all the good girls go to hell,"0,283","0,726","0,444","0,143",8,"0,177","-8,922",0,"0,372","185,044",4,"0,569",278412,287001,4400640,-PZsSWwc9xA,117405850,1
14,364,34,1664,3,63,75267,0wi4yTYlGtEnbGo4ltZTib,58,1,1,Pop,1991,8715929,Shakin' Stevens,220160,4rRIovg4TvxLUiUrpGI6lE,15,Merry Christmas Everyone,"0,129","0,534","0,905",0,9,"0,128","-3,315",1,"0,0369","202,899",4,"0,961",15971,13653,223205,ZeyHl1tQeaQ,90284459,1
1,12,2,54,0,0,671483,2Im8m4STDBosjfmb5hmP80,77,11,11,Pop,2019-09-06,5781590,Loredana,155017,1skUhc3JS3jLCfugI3gm41,66,Kein Plan,"0,0689","0,878","0,699","0,00219",0,"0,0753","-5,035",0,"0,0464","102,01",4,"0,78",47084,77572,650419,pG1QsTYfIhw,62185685,1
63,718,186,1358,1,18,172012,7K78lVZ8XzkjfRSI7570FF,66,19,26,Pop,2001-09-03,5363271,José Feliciano,182360,7taXf5odg9xCAZERYfyOkS,61,Feliz Navidad,"0,534","0,485","0,857",0,2,"0,347","-7,059",1,"0,0442","148,749",4,"0,963",5925,10395,162464,0UVUW11FENs,23777058,1
1,8,2,30,0,0,620766,1qQLhymHXFPtP5U8KNKsm6,83,15,15,Hip Hop,2018-12-28,9246820,Apache 207,192025,4t7HHURXOXQdqE9THQWXqB,66,Famous,"0,183","0,859","0,679","0,00097",7,"0,107","-9,126",1,"0,116","134,97",4,"0,57",1694,2042,89676,THZwSpAM3jM,8857027,1
1,18,19,190,0,0,599401,6h1s4i4XKIYv4ErDelLDN0,85,29,33,Hip Hop,2019-12-05,25337918,Samra,179812,76IVpz47q3ghkxoUeTTEKb,75,COLT,"0,345","0,544","0,53",0,9,"0,0981","-6,168",0,"0,428","90,093",4,"0,184",12701,9257,277828,5SFEEB4sUZE,16609523,1
2,24,3,44,0,0,280612,4sg4no0TXdsrM1s4SVUwNF,77,11,11,Hip Hop,2019-06-14,30121388,Juju,145404,6erIvryBSsAdebNU4a7Mrs,69,Hi Babe,"0,423","0,758","0,729","0,00000239",11,"0,0954","-7,371",1,"0,0417","142,052",4,"0,738",6685,7058,202782,vj2b3ct9Kmw,11634332,1
7,193,43,688,0,0,3148830,4WZGDpNwrC0vNQyl9QzF7d,84,30,35,Hip Hop,2019-10-03,60556715,Capital Bra,194534,67ojvEGRPAUCOohuMPqoRC,71,110,"0,533","0,48","0,749",0,1,"0,0997","-5,057",0,"0,432","179,056",4,"0,419",33422,34777,655813,dab3fgqboeA,39773005,1
13,277,175,1003,2,57,1038968,4Yttlv9ndGjCDCVLqM7ACq,78,41,105,Hip Hop,2019-09-26,693553,Sido,167274,04LQiWCNfZg4NONh8IcCyt,53,Beste Zeit,"0,113","0,763","0,724","0,00597",7,"0,0929","-5,656",1,"0,236","90,116",4,"0,448",93,122,3697,5kNcSejbP9g,505965,1
2,26,3,41,0,0,1291875,5wyWp867LWGjFmYZXVSFnZ,72,12,12,Hip Hop,2019-05-31,10533873,MERO,169219,0H0MIfeqip6GKmafftx7kC,54,Malediven,"0,315","0,773","0,827",0,10,"0,123","-6,446",0,"0,176","159,87",4,"0,884",44885,80364,392247,BI_znJaV0rY,13366640,1
9,140,78,790,0,0,1233665,1aS5tqEs9ci5P9KD9tZWa6,81,9,20,Hip Hop,2018-10-05,2081033,Bonez MC,223381,4HIv1dRF270YMyfvuxnF0d,62,Risiko,"0,155","0,772","0,737","0,407",5,"0,159","-7,211",1,"0,0931","117,027",4,"0,229",12356,12650,335078,ZOL0wyBUWGk,40234821,1
10,193,84,911,0,0,859299,3drqpTL4sQOckmAfF9i1wg,77,9,9,Hip Hop,2019-07-26,5031487,Summer Cem,173986,3FWRHYAN0C050cpvD67Sk2,24,Bayram (feat. Elias),"0,18","0,856","0,763","0,0226",10,"0,256","-5,537",0,"0,08","122,048",4,"0,776",5354,5200,117827,kf97X_hhbjc,3785761,1
1,14,0,0,0,0,11202,3pVfscwg2QxhdHtk966inb,74,5,5,Hip Hop,2019-09-27,37174111,The Cratez,158060,0WFgtxiLNr99YaoSdYR3Ud,72,Honda Civic,"0,282","0,704","0,782","0,00769",1,"0,0759","-5,471",0,"0,164","93,35",4,"0,346",9026,9063,305122,sqIwwV1bYaM,22746704,1
6,76,15,154,0,0,616932,3pjq2pDV9RR6VY55wBjVnp,74,24,24,Hip Hop,2019-05-31,10391146,Dardan,203000,6kpOQJOBX0TjGkJk7oX7Pw,56,a miLLy,"0,0818","0,791","0,785","0,00000145",1,"0,143","-4,214",0,"0,0445","120,025",4,"0,643",7887,8116,217758,e7BMWkbzqJ8,26079060,1
4,67,48,692,0,0,794195,13bDjug9N0pyv3ZUINjkDV,77,14,14,Hip Hop,2018-08-24,3747274,Bausa,153188,3yhaXZury9ZUpfXvdvuWiB,60,Vagabund,"0,224","0,894","0,557","0,000587",2,"0,0812","-7,655",1,"0,0536","102,94",4,"0,651",4952,16839,137822,o337Ne80ePU,15732985,1
2,21,3,36,0,0,79959,5tHiL8SKSaZGMBUPIiSmX4,71,18,49,Hip Hop,2018-10-19,31682368,KitschKrieg,195290,4Nip6oiJU24LqcUEi7u19S,68,"Standard (feat. Trettmann, Gringo, Ufo361 & Gzuz)","0,146","0,826","0,76",0,1,"0,155","-6,591",1,"0,187","88,999",4,"0,875",22189,20734,498723,Sou-nPU6VK4,47902229,1
10,269,10,124,0,0,508416,1EfwyuCzDQpCslZc8C9gkG,71,13,21,Hip Hop,2019-03-01,139875,SDP,254643,5ZCZ3lDSXCS6qBD2k3DQyK,51,Das Lied,"0,131","0,746","0,777",0,2,"0,0936","-4,932",1,"0,0394","110,042",4,"0,723",1261,1526,39110,PGEpUuloh44,2558211,1
11,254,60,941,1,13,1430435,4lDiJcOJ2GLCK6p9q5BgfK,77,10,18,Hip Hop,2019-01-18,6809232,Kontra K,194307,3OgD9c7c6GhEWUK660Ezbr,6,Warnung,"0,0453","0,718","0,79",0,6,"0,0739","-4,861",0,"0,129","151,072",4,"0,605",12284,7028,290114,LAWxZ91MJrs,26173939,1
7,194,61,990,0,0,938716,5p7mWeX4RlvqBCxylfiXdE,73,9,19,Hip Hop,2019-04-19,792228,KC Rebell,172658,4QGrS3tjBmRhD9Bxpq8Va0,45,Neureich,"0,0215","0,9","0,631",0,11,"0,225","-7,061",1,"0,317","148,015",4,"0,682",115,154,5132,cYQ0WQ_g0ZQ,558927,1
3,63,35,640,0,0,320176,5y9wg9qkGBl0n9v9RzaPKu,72,21,24,Hip Hop,2019-01-04,19349268,Capo,317902,3TMW1GOB1lsmvf8er2dE8g,67,Lambo Diablo GT (feat. Nimo & Juju) - Remix,"0,445","0,722","0,731","0,00000619",11,"0,15","-7,461",0,"0,0702","114,997",4,"0,539",3311,3204,85621,RLrQz_GsN0M,8452841,1
8,134,12,239,0,0,642036,5j21TGkrNEAJe3gG9VlS34,74,7,7,Hip Hop,2019-07-12,11967790,Shindy,173220,2e3bkN2QCScPUnUQiA9ZA4,64,Affalterbach,"0,0135","0,821","0,676",0,6,"0,384","-4,663",1,"0,329","115,926",5,"0,766",27865,21728,353836,XINBvGAaowI,22327606,1
6,98,32,328,0,0,582385,3CJKkU0XuElRT1z8rEtIYg,79,22,22,Hip Hop,2019-08-15,5666878,Luciano,202346,7HRuk2l86d8mgdmjhq4ypo,55,Yeah,"0,0733","0,898","0,48","0,00017",10,"0,141","-7,964",1,"0,243","83,001",4,"0,479",4649,3603,160482,s9nxlfS-RCs,5949258,1
1,28,3,63,0,0,330201,4A7HeXSd4HtQuf6IR5XZ1b,67,9,9,Hip Hop,2019-11-29,3109155,Fero47,213320,4qO9PCGfllezWOALSpDs52,64,Désolé,"0,113","0,735","0,675","0,0000475",1,"0,0791","-6,135",0,"0,0697","109,994",4,"0,458",7703,7750,133353,_KYNdK_Fow0,6823897,1
2,76,10,109,0,0,60933,5sRQkVexJlax2iISuqL8cV,64,22,26,Hip Hop,2020-01-31,70040,Kalazh44,128000,0Vrj1NAQYaoSBYU5glnaKZ,54,Stadt,"0,194","0,745","0,498",0,7,"0,136","-7,906",0,"0,329","145,058",4,"0,441",49,38,1420,BDlJxtcYsm0,58706,1
4,86,44,606,0,0,895718,3ZuBEj9ppJe8GSdKaMTfMN,80,27,27,Hip Hop,2019-12-19,205993,Nimo,230400,0jASP7JV6Jj6EvheoTJnQh,56,SOMMER 19,"0,386","0,706","0,879","0,000206",10,"0,136","-5,148",0,"0,0416","100,028",4,"0,498",97,133,5794,DC_XT08cR4c,803745,1
4,81,21,375,0,0,111263,0pOruKWwgyqSLZhn4Xovs9,65,32,40,Hip Hop,2019-04-26,21752156,Ardian Bujupi,206053,3ld409h4DdrdPJzEdeU1WS,59,Wie im Traum,"0,292","0,82","0,734",0,5,"0,341","-5,724",0,"0,137","101,048",4,"0,474",12823,10103,255563,fo8J5mnbYbw,14314130,1
5,66,24,273,0,0,559237,3GBBxBdoolb0B5YizZq9bF,74,22,26,Hip Hop,2020-02-20,700201,Eno,177040,2LyG4XgcCVljU2BZpRpxYX,52,Kommunikation,"0,237","0,771","0,731","0,0000348",3,"0,217","-5,387",0,"0,0534","76,98",4,"0,844",6395,8956,146942,crFk2F9OEBw,5497255,1
8,236,105,643,0,0,700283,2Z9KL8Zmqx5Sg3cd7Fldhl,70,29,30,Hip Hop,2019-08-15,3299955,Olexesh,148092,7dfX94uT7fbMPzgZ6ZpXub,46,9mm Bang,"0,367","0,69","0,53","0,0000883",1,"0,105","-8,545",1,"0,436","138,067",5,"0,525",836,1029,30695,szKmN70Duys,1120386,1
0,0,1,17,0,0,112410,325L7kby6bkG5qSXXAFEWM,75,13,13,Hip Hop,2020-01-30,19092476,Joker Bra,148125,1V7JaMp11LKGwKiVmSetf0,83,Baby,"0,166","0,771","0,921","0,000211",1,"0,119","-4,228",0,"0,109","128,021",4,"0,56",23990,37511,357143,KxT7l6ioH4c,12695607,1
12,204,100,1075,0,0,664733,2JwyRtuXf2l6sTnSnGVIa1,73,25,38,Hip Hop,2019-06-28,454237,Farid Bang,207280,3Ywc4fhNqq1BZRHZbnvHqX,49,"Maghreb Gang (feat. French Montana, Khaled & HAMZA) - Saucegod Remix","0,036","0,752","0,59",0,8,"0,176","-5,299",1,"0,159","99,933",4,"0,387",181,110,2887,HA8VLBrDm6Q,241585,1
21,397,103,809,0,0,1102247,0Dvx6p8JDyzeOPGmaCIH1L,83,36,58,Hip Hop,2017-08-25,90708,RAF Camora,203104,7y5chiQbuvviOYUfUmOPqo,61,Primo,"0,358","0,748","0,754","0,000189",6,"0,138","-6,479",1,"0,157","119,989",4,"0,487",11141,14073,343947,rsrDYTEicq8,58387512,1
2,21,6,136,0,0,86979,4sVieJlKgpZ2k9ESNS5IdN,75,13,13,Hip Hop,2019-03-01,628699,Jamule,179200,7byV9vmGlhVs8Pk1uSw6C0,59,NBA,"0,223","0,813","0,728","0,0000608",0,"0,199","-6,081",1,"0,0453","141,941",4,"0,794",2603,1704,73494,3h1t308-u2Q,4315508,1
3,41,11,97,0,0,974151,39KEQQAG9JhIt71g9NEVhh,73,18,23,Hip Hop,2019-03-08,913959,Azet,176502,0zhIsKJiASrRn0k3kRLnAj,44,Ghetto,"0,0666","0,57","0,753","0,0000375",7,"0,0942","-5,466",0,"0,0855","90,107",4,"0,444",34,28,1329,5v3LKD3sUjE,205926,1
7,153,13,238,0,0,142880,0t9IVyFGzH79wIFfhEXddQ,72,14,19,Hip Hop,2019-12-05,15704783,Kianush,171355,3Dkfcd3DbXGVmM05KCRuFA,73,CASINO ROYAL,"0,345","0,754","0,68",0,0,"0,153","-6,331",0,"0,224","118,008",4,"0,499",3682,1529,74406,c7hHeKgBtOs,3497659,1
2,29,7,165,0,0,134509,1ZyqnbV7Brg5LgyS4EZCUD,72,19,41,Hip Hop,2018-12-14,298584,FiNCH ASOZiAL,206944,4Gq7MQyUxW3C7iGWooMffP,55,Abfahrt,"0,0255","0,638","0,98","0,000182",7,"0,171","-4,149",1,"0,171","163,932",4,"0,219",11768,15861,287243,bfVK9z7BlUM,20418544,1
2,36,15,165,0,0,632341,1XKjtpH5P81gpOXDB91IEB,71,16,21,Hip Hop,2019-05-03,846615,Miami Yacine,146427,5FMZ64ifr2QPhkQwwgBmXV,39,Paul Castellano,"0,161","0,945","0,835","0,000285",4,"0,636","-6,822",0,"0,244","115,034",4,"0,367",10,8,475,GyAeWqTHDCY,25302,1
5,71,53,892,0,0,888054,5eioJDe26lOqkAMbuhzZYs,82,6,10,Hip Hop,2020-02-13,1039653,Gzuz,159209,4rqMsKk1nEjL275UH7qGMp,65,Nie erwartet,"0,0539","0,671","0,748","0,0000018",9,"0,102","-6,47",0,"0,29","96,29",4,"0,192",157,80,5231,uYtvhj4p0dc,362577,1
1,9,8,531,0,0,638804,4rTv3Ejc7hKMtmoBOK1B4T,85,13,17,Hip Hop,2020-01-24,9127841,Ali Gatie,193667,3cqPu20DGTGUoZtbJH2Dmi,85,What If I Told You That I Love You,"0,63","0,605","0,365","0,00000683",7,"0,0554","-11,144",1,"0,111","84,628",4,"0,224",5760,277,70455,NKzd_YiW9AQ,760663,1
0,0,0,0,0,0,23698,5PLCJ2Wlc2BV0d4gCYdRTc,54,2,2,Hip Hop,2019-10-25,158733,Mika,156520,6r91namk2FtYkssbTKflOV,45,Bandolero,"0,283","0,715","0,691","0,00000121",5,"0,0986","-4,368",0,"0,163","95,833",4,"0,212",602,763,17366,bdE9zUxraWc,287084,1
4,100,24,456,0,0,333703,3IrUyDPQlQFcB5lMWhPml2,68,5,7,Hip Hop,2019-11-28,1780295,SSIO,168986,1WgXlsix17eHKWHAIdFGJ3,54,HULI,"0,0178","0,611","0,867",0,5,"0,187","-4,678",0,"0,168","154,124",4,"0,476",4383,2908,125323,9lnqWJeRMRI,3274655,1
19,387,170,1286,3,64,33281605,7dGJo4pcD2V6oG8kP0tJRR,98,23,39,Hip Hop,2020-01-17,762313,Eminem,194706,7Dj2wqPYXfSRFwa6qyOztr,78,In Too Deep,"0,0387","0,72","0,767",0,10,"0,202","-5,839",0,"0,214","88,966",4,"0,595",882,399,22179,cmxdavhOg0Q,1865363,1
0,0,1,8,0,0,38494,0UwDgULqasKVT9gjTZsmIn,62,7,11,Hip Hop,2019-10-23,1807907,EREN CAN,148092,1mxY118u7XQES27AfAzPuY,55,Ist Okay,"0,0617","0,816","0,661",0,8,"0,0918","-5,952",0,"0,0559","104,022",4,"0,557",3405,3009,69099,i9EX2BRRQXs,2706776,1
1,13,0,0,0,0,169636,5D9gbPVm2Y7DcPbqG0ueS9,60,9,9,Hip Hop,2020-01-17,1621520,Sero El Mero,171624,1YS7dWM0aH2yA52d2hf4JY,63,Babble la bab,"0,106","0,878","0,836","0,000247",2,"0,122","-4,807",1,"0,209","140,096",4,"0,326",8291,21841,116537,0ycsHGOqN5w,3267891,1
17,379,36,744,1,15,987179,3c96G4d2lUOxhomM2mby5S,72,18,23,Hip Hop,2019-12-20,113123,Bushido,148866,58hnus5ZtuKk94xJeleiZE,46,Sternstaub,"0,156","0,611","0,834",0,0,"0,159","-5,134",1,"0,357","193,779",4,"0,718",278,111,2506,XuisrgNzBws,1076716,1
2,30,17,295,0,0,72233,10XY9PZCJKzUFzZOdtlQLU,70,9,20,Hip Hop,2019-06-27,248662,LX,197819,55tfVeSqRDTLAFKjONxlq0,42,Glas für Glas,"0,203","0,585","0,705",0,1,"0,122","-5,219",1,"0,441","117,528",5,"0,396",49,67,2577,pg7DeD8FavI,266686,1
5,116,16,286,0,0,216135,5oWFxbBrbk2Mw86PLUg3OZ,66,10,10,Hip Hop,2019-05-03,2198932,18 Karat,164320,27gLwOU9v0yUwVB5c7nPWB,40,FMFL 3.0,"0,126","0,844","0,754",0,1,"0,181","-3,699",1,"0,262","95,049",4,"0,738",3554,1186,60708,juHxy9zioCY,2681021,1
6,84,36,824,0,0,612819,4VuARVJiWGsH2msKTdsKdQ,72,21,28,Hip Hop,2019-06-07,3454962,Veysel,178708,0Jsk2j8PiNWMQN1EymsLAU,46,Michel Vaillant,"0,0908","0,852","0,772","0,00000267",2,"0,0729","-4,819",1,"0,0836","101,06",4,"0,391",291,305,10209,yhcygzJJqqg,1102049,1
0,0,0,0,0,0,36759,60uPSVM3svOL8kZ3Wkb3Zw,66,17,31,Hip Hop,2020-01-31,74229,Monet192,180348,1x0Ek0ModopRyvrIKDfCsw,55,Diamonds,"0,0363","0,599","0,623",0,4,"0,136","-6,837",0,"0,029","96,935",4,"0,058",691,116,6663,bNdm2K-LR8Y,386293,1
1,13,3,14,0,0,109671,7l8dcABCTyZKrkskt53Z2u,64,11,14,Hip Hop,2019-10-18,69570,TJ_beastboy,190000,3eAdTRlAYX1Y1F5IOFChOC,51,BLA BLA BLA,"0,0984","0,872","0,816","0,0000385",8,"0,247","-4,604",1,"0,184","123,952",4,"0,352",1639,127,27240,bevBiKOC9Ok,507725,1
3,39,62,494,0,0,1474409,2SrSdSvpminqmStGELCSNd,85,21,27,Hip Hop,2019-07-19,187414,Stormzy,228380,4Hmmt72AbUc68cHloX5HqW,48,Vossi Bop (Remix) [feat. Bausa & Capo],"0,0907","0,86","0,736","0,000793",8,"0,0903","-5,117",1,"0,166","94,001",4,"0,409",472,461,15046,m6Pnnn3D_wA,528293,1
3,85,16,280,0,0,181256,08ao8gzTHBtNf5Laf9jjwR,64,16,16,Hip Hop,2019-05-10,1020601,King Khalil,167790,1BGZaiGDrczjcJzLyd88wn,39,BUNDESWEIT (feat. Fler),"0,208","0,877","0,796","0,00000188",1,"0,114","-5,233",1,"0,09","86,009",4,"0,424",6810,6657,50406,puX9JEbWR1U,1938870,1
1,13,5,67,0,0,280465,4Gso3d4CscCijv0lmajZWs,84,14,16,Hip Hop,2019-05-29,5013362,Don Toliver,154424,3VyjsVV24RmBIbWJAeUJNu,89,No Idea,"0,558","0,656","0,614","0,000862",6,"0,215","-4,973",0,"0,102","128,038",4,"0,35",20443,7712,821474,_r-nPqWGG6c,40307096,1
4,73,7,105,0,0,449515,0wwDZj4zgZORjTGhTujAKx,62,28,49,Hip Hop,2019-03-15,2578958,Mert,223280,5Z9SmeVkcCCOzJ9bncQYq5,49,XXLARGE,"0,473","0,829","0,696",0,5,"0,0984","-4,953",1,"0,215","150,004",4,"0,722",5463,7348,96915,1acWMbnxTkE,3594790,1
0,0,6,51,1,15,112465,1pkDzgHvVqC17qYGKfLPpb,73,22,22,Hip Hop,2019-11-08,1415408,Mozzik,186419,2VeoBANCF46rPSncAZrmgV,60,Dhelper Dinake,"0,103","0,527","0,86","0,00000151",5,"0,0657","-4,013",0,"0,27","109,912",4,"0,442",10996,10980,169922,H4dI-eXVf3k,20381684,1
207,777,1395,1454,3,60,57006,7wNkISK49lKeXuRaZcQVFe,57,21,72,Classic,2013,,Ralph Vaughan Williams,935360,2kAgCRZPG3YQR2VMqRvLmb,60,The Lark Ascending,"0,902","0,0811","0,0122","0,308",4,"0,0648","-32,654",0,"0,0511","74,554",4,"0,0384",3461,1062,34233,ZR2JlDnT2l8,6200164,0
1229,2466,0,0,28,1164,480776,1QL7yTHrdahRMpvNtn6rI2,69,56,69,Classic,2002,,George Frideric Handel,207266,1upQiytDIEZfl9ItruoXuC,65,"Handel / Orch. Hale: Keyboard Suite in D Minor, HWV 437: III. Sarabande","0,927","0,204","0,0331","0,825",2,"0,0954","-24,044",0,"0,0487","116,2",3,"0,0547",2,0,130,XRi0kpWI7tM,5952,0
54,1516,1067,1716,1,15,100228,62TD7509VQIxUe4WpwO0s3,62,5,7,Classic,2008-09-08,,Johann Pachelbel,302093,5x3TUfYzgZIdt0Kaop64ss,10,"Pachelbel: Canon and Gigue in D Major for 3 Violins and Continuo, P. 37: I. Canon (Orchestral Version)","0,748","0,13","0,158","0,924",2,"0,1","-16,132",1,"0,035","85,031",4,"0,0998",0,0,19,FPeTubKCBaw,734,0
656,1150,726,1592,53,1602,870906,1Uff91EOsvd99rtAupatMP,72,42,76,Classic,2018-07-27,,Claude Debussy,294960,1cmigB9I6IRpFqjIbzvSQB,56,"Suite bergamasque, L. 75: 3. Clair de lune","0,993","0,335","0,00501","0,919",1,"0,0618","-33,366",1,"0,0451","132,085",3,"0,0383",7,4,297,5U-SCt8XP5c,22525,0
307,853,1075,1848,11,252,100486,430byzy0c5bPn5opiu0SRd,62,32,108,Classic,1988-08-08,,Edward Elgar,478573,5pjDwtMPly0cNMbuGXhUOI,58,"Cello Concerto in E Minor, Op.85 (1988 Digital Remaster): I. Adagio - Moderato","0,944","0,148","0,0722","0,148",4,"0,115","-25,217",0,"0,0427","87,882",4,"0,0467",3,25,457,sGIwqFpxBXY,32436,0
176,906,1372,1151,5,96,151526,1YuknfkSYTTbolRpwZBOv4,58,30,90,Classic,2012-01-01,,George Gershwin,890000,0yzhOPf0iw2qWwcXRRta5L,52,Rhapsody In Blue,"0,976","0,309","0,258","0,69",9,"0,0924","-15,327",1,"0,0459","74,568",4,"0,115",2252,973,36765,cH2PH0auTUU,4383963,0
97,1756,1407,2010,1,21,17205,1AoIc5YFH0aSFc4mKqBEeB,55,12,12,Classic,2005-01-01,,Jules Massenet,337253,6Uk28Hs2MulezLxMrd1rBD,12,Meditation: Méditation from Thaïs,"0,873","0,205","0,0686","0,402",4,"0,0909","-23,415",0,"0,0462","90,779",1,"0,0359",790,557,20472,7QtGOWemQhY,1952557,0
153,2616,1218,1624,16,557,404426,459INk8vcC0ebEef82WjIK,69,8,10,Classic,2013,,Erik Satie,296480,5fdp9rXfEixCGLM1Og4EN1,57,Gnossienne No. 1,"0,996","0,376","0,00579","0,944",5,"0,0882","-31,615",0,"0,0576","71,827",4,"0,0369",4422,484,63170,PLFVGwGQcB0,6148928,0
908,348,258,2125,19,592,162914,2ANtgfhQkKpsW6EYSDqldz,58,97,207,Classic,1998,,Gustav Mahler,583293,0cqcRqZgkNHanWQ8slYA0v,55,Mahler: Symphony No. 5 in C-Sharp Minor: IV. Adagietto,"0,896","0,0783","0,0523","0,945",5,"0,0806","-23,247",1,"0,0471","82,015",4,"0,0327",8,67,543,wSdXXmrtt9w,43941,0
1108,946,0,0,65,1474,1869527,7y97mc3bZRFXzT2szRM4L4,77,47,122,Classic,2000,,Frédéric Chopin,259493,2MSgFefjK0T7Iwjvr3OKqV,61,"Chopin: Nocturne No. 20 in C-Sharp Minor, Op. Posth.","0,992","0,225","0,0047","0,881",1,"0,0722","-30,928",0,"0,0509","163,665",4,"0,186",5758,4191,217773,_hyAOYMUVDs,30250920,0
39,386,52,1358,0,0,42743,7MEyCD4G0Zl6kmikEAZsym,54,1,1,Classic,1994-09-01,,Jan Garbarek,402493,46tPGzCXCI2oKsemztDA9u,53,Parce Mihi Domine,"0,995","0,193","0,0656","0,829",10,"0,119","-19,239",1,"0,0471","128,975",3,"0,0359",71,28,793,Z_EZBfClFsg,73984,0
325,956,1164,1787,12,188,252693,5goS0v24Fc1ydjCKQRwtjM,60,26,38,Classic,1982-01-01,,Johann Strauss II,707173,0dzl6bBvsIAfHLlTbBObTW,10,"An der schönen blauen Donau, Op.314","0,975","0,233","0,0252","0,604",2,"0,143","-24,824",1,"0,0346","94,736",4,"0,0936",459,316,10302,ENETOpNpIiI,1258175,0
76,717,854,2314,13,203,23883,3eqv9LW7ZXlYWXVFjHS4Mr,53,5,11,Classic,1985-01-01,,Joaquín Rodrigo,689560,0DvLcwb4v0rPmJ8S8R9thy,46,Concierto de Aranjuez for Guitar and Orchestra: 2. Adagio,"0,919","0,293","0,0382","0,915",11,"0,097","-21,783",0,"0,0413","110,257",3,"0,0549",383,176,7046,Et6cmagw_t4,744206,0
696,705,802,1331,11,290,108394,2LmyJyCF5V1eQyvHgJNbTn,66,25,53,Classic,2013-01-01,,Leonard Bernstein,253440,7MdenBcztjoBdJUvFxBFeX,7,Overture Candide,"0,824","0,298","0,346","0,694",3,"0,295","-15,465",1,"0,0416","78,989",4,"0,482",1193,219,10663,422-yb8TXj8,2438685,0
355,963,1055,1450,22,512,267368,17hR0sYHpx7VYTMRfFUOmY,63,36,72,Classic,2016-01-15,,Maurice Ravel,346586,3MRQn2RYo2VLYMoStnLRxu,59,"Ravel: Pavane pour une infante défunte, M. 19","0,994","0,491","0,0176","0,927",4,"0,0985","-26,911",0,"0,0644","125,793",3,"0,0901",0,4,105,3st6qrJGGJM,18716,0
1262,823,0,0,31,874,634072,2p0UyoPfYfI76PCStuXfOP,67,97,81,Classic,1997-01-01,,Franz Schubert,906000,52GmHO5DikTIKc3yBmTTT1,42,"Symphony No.8 in B minor, D.759 - ""Unfinished"": 1. Allegro moderato","0,901","0,1","0,0354","0,865",11,"0,125","-17,211",0,"0,0387","73,968",4,"0,0428",0,1,38,08lTTHHdmAg,4345,0
111,824,409,2023,0,0,15359,0WiK9IsQEQEuIQ1iDxvuPg,42,16,96,Classic,2007-11-12,,Johann Nepomuk Hummel,224640,246ntJR3A2s7B5E40FTCLf,48,Hummel: Trumpet Concerto In E Flat - Iii Rondo,"0,98","0,496","0,249","0,934",3,"0,12","-18,131",1,"0,0411","144,239",4,"0,719",1,9,47,paQjDbiEnNU,5609,0
452,1412,930,1274,16,528,238556,0OzxPXyowUEQ532c9AmHUR,65,29,120,Classic,1973-01-01,,Giacomo Puccini,177333,74WjYdm3Lvbwnds4thYPUU,61,"Turandot / Act 3: ""Nessun dorma!""","0,963","0,212","0,301","0,0033",2,"0,13","-12,505",1,"0,0384","84,025",4,"0,0798",377,240,13389,Uau48wh5CeI,1401913,0
47,610,561,1103,1,30,5477,3KpcdlqCaWWruPfmM2rWy1,43,21,41,Classic,1999-01-01,,Paul Dukas,577440,2OHnoGjn6X6kDwzO7Rw0Y9,48,The Sorcerer's Apprentice,"0,797","0,351","0,206","0,255",1,"0,0738","-22,657",1,"0,0597","130,415",4,"0,0839",384,133,5630,U4yH4B9deok,660037,0
126,738,751,1109,5,77,58665,0nJvyjVTb8sAULPYyA1bqU,55,19,58,Classic,1996-01-01,,Aaron Copland,167160,294IzNQIRp4soeVaQhows7,47,Fanfare for the Common Man,"0,983","0,316","0,143","0,931",10,"0,342","-16,399",1,"0,0387","134,093",3,"0,0431",1612,447,12053,4NjssV8UuVA,2393918,0
483,1350,954,1660,14,459,127214,7jzR5qj8vFnSu5JHaXgFEr,58,42,164,Classic,2003-09-01,,Jean Sibelius,337840,3af6PvJHP8XlFMWeuN7bF8,47,"Andante festivo for Strings and Timpani, JS 34b","0,484","0,113","0,161","0,928",7,"0,16","-20,046",1,"0,0442","65,062",4,"0,0365",0,1,8,F4njjYuUMaU,382,0
55,681,982,2418,5,112,20223,34MYamymtmnsmpwbqydd7I,51,2,2,Classic,2005-08-01,,Alexander Borodin,642573,4Dcm4KMuDz0l01weeSpD4J,46,Prince Igor (Knyaz Igor): Act II: Polovtsian Dances - Ulyetay na kril'yahk vyetra (Fly away on the wings of the wind) (version for chorus),"0,922","0,292","0,246","0,525",2,"0,107","-14,96",1,"0,0385","109,766",4,"0,0859",1,0,5,vBV2qsiObI8,299,0
68,932,1153,1371,10,258,67633,4XDJurjQCnWLlE7KLZCT9x,55,11,21,Classic,2010-01-18,,Samuel Barber,537426,1CSaCKPIp2yCIDL3t7Fyau,56,Barber: Adagio for Strings,"0,974","0,102","0,0733","0,859",10,"0,28","-24,133",0,"0,0488","73,954",3,"0,0308",9519,2596,145689,izQsgE0L450,18416255,0
829,713,517,1595,17,381,408268,1385hLNbrnbCJGokfH2ac2,67,109,151,Classic,2011-08-22,,Franz Liszt,293146,2u9VGZmVz7Rm01SfDgzcfA,55,"Liebestraum No. 3 in A-Flat Major, S. 541 / 3","0,987","0,279","0,0292","0,902",8,"0,104","-26,804",1,"0,0406","136,732",3,"0,0338",9,18,350,s9eHeVHyZvE,24612,0
3,51,210,1098,0,0,11794,4EV7a9KODMBPJTCgIl9Bmk,45,1,1,Classic,2006-01-01,,Morten Lauridsen,415800,0S0YKiEdR9cT9pYgEaTevF,49,O Magnum Mysterium: O magnum mysterium,"0,991","0,0623","0,0116","0,445",2,"0,0816","-27,893",1,"0,0567","65,057",3,"0,0331",10,9,261,SigRfACKlC0,18750,0
165,945,1384,1799,2,11,59612,2kXJ68O899XvWOBdpzlXgs,52,13,42,Classic,1999-02-01,,Nikolai Rimsky-Korsakov,200360,04eShjKTWijeJJqGnhxpYK,47,Scheherazade: The Tale of the Kalendar Prince,"0,962","0,151","0,0639","0,603",11,"0,466","-24,404",0,"0,0439","61,577",3,"0,0797",1,3,121,SFNYxVZGrI0,5787,0
126,780,1455,1035,0,0,22172,1C3sffOOvQNUwg4YIsvKqy,51,14,58,Classic,2012-01-06,,César Franck,364093,0xX7kREWmOGBWzYNcpZwRN,53,"Violin Sonata in A Major, FWV 8: Allegretto poco mosso","0,958","0,25","0,135","0,0349",9,"0,0477","-18,615",1,"0,0488","94,404",4,"0,179",7,1,89,wLhQhRc9mZk,5800,0
83,670,778,2010,1,18,30513,5WIoytpqi3VWoFSHnl49in,51,9,26,Classic,1993,,Aram Khachaturian,592040,2nVt0n0aSj3AwZjakMvDHX,44,Khachaturian: Spartacus Suite No. 2: I. Adagio of Spartacus and Phrygia,"0,807","0,165","0,106","0,782",8,"0,105","-21,742",1,"0,039","105,651",3,"0,0336",2,7,150,ieuVr1-jWwc,9150,0
21,313,120,1298,1,33,36695,1q1wfzh2xtpj27TnIAqIvd,64,8,8,Classic,1995,,Karl Jenkins,237413,54CAG8n70kKVbFV6l1zF4G,59,Adiemus,"0,804","0,295","0,408","0,148",4,"0,165","-16,632",0,"0,0693","150,454",3,"0,164",1844,426,24514,UX__4aHwYzM,2920168,0
63,509,148,1006,2,33,137013,1aVONoJ0EM97BB26etc1vo,52,23,49,Classic,1990,,Steve Reich,538800,1YiBEdXvyWL9rupB3Cg4IQ,46,"Different Trains: America, Before the War","0,889","0,398","0,373","0,193",1,"0,121","-14,065",1,"0,0524","106,688",4,"0,61",131,,,JYEwsIW-zsQ,119846,0
79,702,623,1315,3,62,151885,2P6ygesd9xg5DPOBnda2jg,58,7,12,Classic,1999-10-15,,Arvo Pärt,636000,4wudbbceOZKjRlhTtbHvAs,50,Spiegel im Spiegel - Version for Violin and Piano,"0,899","0,177","0,006","0,0000324",5,"0,105","-42,238",1,"0,0383","71,473",3,"0,0382",68,36,847,JxYZu9piR64,37533,0
38,873,130,1540,2,42,432801,2VZNmg4vCnew4Pavo8zDdW,77,31,44,Classic,2014-01-01,,Max Richter,151506,5xbuJuQsTVheVZvX2AJVIv,58,"Recomposed By Max Richter: Vivaldi, The Four Seasons: Spring 1","0,499","0,701","0,341","0,903",1,"0,359","-12,26",0,"0,0418","105,513",3,"0,163",484,183,10783,WaCib0B8T24,1054279,0
238,1081,1250,1674,9,212,124852,2gClsBep1tt1rv1CN210SO,62,19,24,Classic,2019-11-28,,Gabriel Fauré,455466,4QfYHdV8hMoyS9qKUct98q,47,"Elégie in C Minor, Op. 24 (Arr. Parkin)","0,966","0,115","0,0422","0,919",8,"0,0896","-24,137",1,"0,0404","87,855",3,"0,037",43,7,810,MMxgcC4jpts,18753,0
1221,712,0,0,40,948,529578,5wTAi7QkpP6kp8a54lmTOq,66,76,139,Classic,2017-04-07,,Johannes Brahms,378733,1Oo7XEqkrwifJn17aA0ocF,52,"Sechs Klavierstücke, Op. 118: II. Intermezzo in A Major","0,994","0,299","0,00626","0,901",9,"0,0823","-30,923",1,"0,0478","69,043",4,"0,0634",138,84,3470,20Gb0JcviRA,447264,0
4,45,249,1542,0,0,64411,4xgFgBZ7CRtgtHcziClOwQ,64,82,79,Techno,2020-02-07,,Moguai,417230,5z7VT7KoeFLT1rjeyDzdMI,52,DT64,"0,0977","0,743","0,945","0,839",11,"0,115","-8,66",0,"0,0671","129,992",4,"0,172",189,39,2253,QejKUq1tm28,44345,0
0,0,73,1000,0,0,3107,7zH0EpzFgwmwpnEprtvDig,42,15,37,Techno,2020-02-28,,Juliet Fox,450461,2ufaSJbQinz0ito3criDx6,31,Through The Pain,"0,0000883","0,671","0,81","0,481",7,"0,104","-8,499",1,"0,0482","129,999",4,"0,218",11,1,408,To08MSZtabA,5449,0
5,48,122,962,0,0,2363,7xcEuNcEPzlYUuAKyqfJMS,48,44,145,Techno,2019-12-30,,F-Rontal,472555,1b1mvs6VPe499aN93WYYq6,55,Negative,"0,00123","0,737","0,754","0,913",1,"0,109","-7,561",1,"0,0517","128,002",4,"0,0391",7,,,KDoYTpzfRSc,10053,0
0,0,136,937,0,0,22425,0SCFEgshN89tlgOPM7lbSB,48,25,61,Techno,2020-02-14,,Alex Stein,391992,5SJgwEwJf8NjOTcEQunq4G,51,Bonfire,"0,00073","0,731","0,931","0,852",6,"0,0752","-8,045",0,"0,0536","128,002",4,"0,0455",21,13,1101,HJ45u7T3ATk,18273,0
0,0,18,332,0,0,334,03J1IG0hYPv7B2vAERhcFc,43,10,31,Techno,2020-01-13,,Antonio D'Africa,405000,10ng5Nz9DF1D4jz7Zw26nB,53,Phantom,"0,00298","0,777","0,639","0,873",7,"0,108","-11,696",1,"0,0943","128,025",4,"0,313",13,11,865,Q_5kQYPg1wU,17908,0
0,0,37,551,0,0,6778,7tqXhI5Dt7utI8xVAyumO1,48,17,48,Techno,2019-11-29,,Beico & MT93,418271,6AjJ0GijsnB8woz1O4wfkq,55,Tenebrous,"0,00284","0,645","0,947","0,839",2,"0,0888","-8,52",1,"0,0442","129,991",4,"0,395",37,14,1774,gIwVlX610uE,47478,0
0,0,27,483,0,0,213711,1lJhME1ZpzsEa5M0wW6Mso,58,18,65,Techno,2020-02-17,,Charlotte de Witte,376156,33HsRyPb6OjF3pdEfkQl8u,49,Vision,"0,146","0,793","0,909","0,905",7,"0,112","-11,909",1,"0,0834","133,999",4,"0,219",19,39,508,NLHny7Tp_rE,11385,0
0,0,10,133,1,1,2809,4eFbq5PZgW7YbtA65PP4wS,38,11,42,Techno,2020-02-28,,Alignment,359546,7v1JbouuzwrFU5waJXR5cu,31,Ever Gone,"0,000368","0,578","0,933","0,545",6,"0,0709","-7,658",0,"0,0372","136,007",4,"0,0967",17,5,239,cX1XtKNc6nI,3677,0
3,25,515,930,1,18,18081,7MFugZiuQp41w92SA0zsG1,47,67,145,Techno,2020-01-24,,Metodi Hristov,244965,2XjVi7PMd1WcbL6nAF2Zos,50,Limitless - Original Mix,"0,204","0,711","0,942","0,883",6,"0,0963","-8,11",1,"0,0572","129,989",4,"0,235",0,0,31,t2c-js6XDbM,717,0
0,0,40,579,0,0,5835,4smTLJEoRPULdc4QuG7JGo,38,15,32,Techno,2020-02-28,,Ben Dust,438912,60JT7HY2BE1EX3wVbCjdWq,31,Assassin,"0,0000209","0,627","0,863","0,888",7,"0,161","-9,261",1,"0,0558","129,992",4,"0,329",5,0,49,GlERdeSlXEM,1099,0
2,10,68,909,0,0,187,2mfv6V08YSf8GmCWpw3ltT,37,41,164,Techno,2020-02-21,,Lazar (IT),366530,4Ov0miNXa4W5LY9yROd5xQ,47,Inhuman Signal,"0,000628","0,723","0,837","0,839",10,"0,335","-9,223",0,"0,0632","128,021",4,"0,0972",1,0,17,Q9L9OrRZ6uA,342,0
3,35,577,1093,0,0,10165,5BFl4h5TXYSSJsCteTX3s1,45,73,118,Techno,2019-12-06,,Ramon Tapia,456774,2LJFyZegquP5reY4Qi0egR,54,Last Step,"0,0000643","0,828","0,793","0,835",6,"0,127","-6,7",0,"0,0868","128,01",4,"0,318",39,6,1056,Sjf706rjwe8,30018,0
2,23,38,547,0,0,2186,1CIuNl1eWjkoPrhWdMK8L6,42,17,61,Techno,2020-01-17,,Michael Klein,386422,084VIjlHRPMiHPlrfca65S,51,Hoisin,"0,00206","0,753","0,781","0,864",1,"0,113","-10,246",1,"0,0489","129,995",4,"0,059",12,7,623,qEWFfGjTvts,11804,0
12,154,380,1735,1,21,86133,5Hini2nQyoglzpdKe41cZt,54,150,97,Techno,2019-10-18,,UMEK,399566,0P0rTrGkQMCei95omAOdQq,55,Vigilance - Original Mix,"0,00075","0,796","0,942","0,885",5,"0,101","-7,432",0,"0,0645","126,996",4,"0,229",43,38,3072,VoSyqV1OuVo,94496,0
0,0,96,1104,0,0,64365,3wkaDi2HJV3eCaBJ4iH6om,53,25,57,Techno,2019-11-18,,ANNA,362419,1qvtFBWczWfbPTGS1AE9v6,52,Dimensions,"0,00135","0,658","0,97","0,897",2,"0,111","-10,25",1,"0,0549","129,993",3,"0,039",95,26,2203,eAmgCCllkLc,55900,0
4,24,42,687,0,0,145709,144HzhpLjcR9k37w5Ico9B,55,46,97,Techno,2019-07-29,,Deborah de Luca,390000,3UIEGb11u2Ll7wzYyC2nvi,58,19 calls,"0,0122","0,745","0,788","0,885",1,"0,0835","-7,438",1,"0,0414","128,005",4,"0,11",64,,,Zw15zPNTakw,187574,0
0,0,1,14,0,0,495,6mjU0EJu6TLflogUHAVNeg,39,4,13,Techno,2020-01-03,,DESNA,249230,3ioVE1LZx0KY2UwF3mAtGb,49,Jugar - Original Mix,"0,00143","0,734","0,967","0,855",1,"0,13","-8,121",0,"0,0574","126,991",4,"0,145",0,0,18,hW5wMajsxkQ,502,0
0,0,127,1180,0,0,3404,58fmi15nN6S2nqZLRRtdtc,36,12,37,Techno,2020-02-07,,Ilija Djokovic,426208,2EsNkdLFM2hTDt25OUfTRv,44,Eris,"0,00493","0,629","0,807","0,923",10,"0,113","-7,612",0,"0,0485","128,999",4,"0,117",5,1,149,Oz9SA3omSH4,2467,0
0,0,129,1316,0,0,1147,5NIiLHMZs0Etu1Cm4UtOoE,39,38,114,Techno,2020-01-27,,Luca Gaeta,384000,6sfGx2y7ssDXCg7lcC0XiL,47,Cosmic Transition,"0,0148","0,793","0,808","0,838",6,"0,111","-6,479",0,"0,0643","129,997",4,"0,0853",0,0,4,v1hDQCFbDWI,165,0
0,0,69,1097,0,0,510,241pFB691BbwHqZJgBQSr5,40,12,42,Techno,2020-01-06,,BOHO,312277,4TUaYhzzIYFehSUy0DD83f,49,Medusa,"0,00494","0,8","0,858","0,781",4,"0,0772","-9,525",0,"0,0672","126,048",4,"0,356",1,0,34,8EvGg2W6aSQ,1107,0
0,0,53,1003,0,0,8253,4h8IEOdrg60WM5XGyNOCVU,45,8,20,Techno,2019-12-06,,Lilly Palmer,412795,4q1Pi82KM83zz1YeueS79n,50,Shift,"0,00941","0,785","0,918","0,881",7,"0,0962","-7,405",1,"0,0504","127,004",4,"0,0683",0,0,128,9n6UQuCPm-U,4249,0
6,58,324,1021,2,4,45633,6JGLndnzrQrIFkd8NFha3C,52,44,118,Techno,2019-10-11,,Dusty Kid,435000,0ZrXNuryJ6FYjww6jU6RUm,54,Kollera,"0,0111","0,699","0,593","0,928",10,"0,287","-8,902",0,"0,0546","128,011",3,"0,322",124,32,4698,Z0sjmeZps8c,129656,0
0,0,115,1504,0,0,18230,5lVNSw2GPci8kebrAQpZqU,60,38,101,Techno,2019-09-13,,Eli Brown,226771,0d7KQih99OE6xaEFz8lXo5,56,Come Together,"0,0195","0,711","0,783","0,895",1,"0,0422","-7,838",1,"0,0462","126,975",4,"0,456",28,9,920,idLC6Y4-RSA,38054,0
7,60,102,714,0,0,17429,5FgLkieOqGXPn01dnbJp9Z,55,40,82,Techno,2019-05-27,,T78,330461,7yyNaKHvH76G4tohz4cM7u,55,Megator,"0,00127","0,717","0,986","0,838",11,"0,0222","-5,267",0,"0,158","129,989",4,"0,109",257,136,16448,2BoLJEt9Z7c,555686,0
1,5,114,822,0,0,1384,6nAdbXw8ZWvMfQsM1AqpEm,38,31,92,Techno,2020-01-13,,Tom Hutt,420500,0mwlxHTGArkWN9vJekxm6k,48,Exodia - Original Version,"0,0103","0,646","0,687","0,777",7,"0,0869","-10,668",1,"0,0463","128,02",4,"0,0582",9,9,492,Rpol2Lxtgdo,12197,0
6,49,263,1560,0,0,24468,2lPXenWgbh51R950CMdk6i,45,68,121,Techno,2019-02-10,,Kaiserdisco,289804,29Xvrjl3ULgfDGOGHL1NsQ,45,Taipan - Radio Edit,"0,00438","0,671","0,988","0,811",7,"0,0449","-7,19",1,"0,0418","128,017",3,"0,254",1,0,39,WmXDJd8GgFQ,588,0
2,28,20,633,0,0,3390,4FPQ76NAjtR1rWJqq4WTLi,40,13,43,Techno,2020-01-03,,2pole,432506,54roPnyIn1O1ISEh0RvwRe,48,Interface,"0,00105","0,792","0,821","0,904",1,"0,0944","-8,383",0,"0,0413","131,015",4,"0,0355",1,2,236,hGUyxy4dqKs,6362,0
0,0,46,1447,0,0,38017,0y42IQBDFigO5mmEd1bGQG,63,22,43,Techno,2019-11-22,,i_o,314013,6t9equdWckRfSg2eyzGR0E,51,Rave 444,"0,00079","0,678","0,968","0,905",7,"0,121","-6,178",1,"0,0564","131,996",4,"0,157",137,27,1877,38ogGkdMjmU,46267,0
4,38,125,1020,0,0,4689,4k15mfLh1MGsKh6SxYfmKm,39,30,103,Techno,2020-01-03,,Lukas Freudenberger,469333,608aLqwno6ULUQZfonTW1Y,47,Jacid,"0,134","0,787","0,664","0,914",8,"0,398","-12,341",1,"0,124","134,997",4,"0,0919",0,0,37,ZLT0p5evFKA,795,0
4,37,9,82,0,0,1578,7zCJiVQxxnpXTnIDVMihPl,40,21,39,Techno,2019-12-27,,Chris Keya,461738,6m5ALRlpoPhhYGPeRayDpO,48,Fahrenheit,"0,0129","0,725","0,684","0,891",1,"0,0997","-13,831",1,"0,0645","129,999",4,"0,502",4,0,29,tKw8JO3DH20,667,0
0,0,13,225,0,0,505,2rhwvy3bJ8sOazAkbNlOEa,39,9,26,Techno,2019-12-27,,Collective States,449006,3Oiy7eN9VoVVu4IY8uTfns,47,Kamino,"0,255","0,793","0,735","0,888",1,"0,128","-9,783",1,"0,0662","126,003",4,"0,0966",4,4,152,nOjdd1O5giY,4842,0
0,0,155,1272,0,0,18709,1OmOdgwIzub8DYPxQYbbbi,52,43,87,Techno,2019-12-20,,Will Clarke,226874,1otD4yyO2kytaXaZtoD1mJ,49,Love Somebody,"0,00175","0,612","0,885","0,894",0,"0,122","-9,935",0,"0,0451","128,02",4,"0,298",2,0,79,IdFoqPMAGcY,2704,0
5,67,94,935,1,14,88983,0NBGssQpgDczTsVEp4pCbR,50,24,63,Techno,2019-10-25,,Oliver Huntemann,400101,3BfLcQOyP6ovmQFTYfhIx4,52,Nordpol,"0,00724","0,778","0,864","0,895",7,"0,0952","-9,741",1,"0,0413","126,008",4,"0,0275",16,5,611,YbUk-Kuf3u8,19213,0
0,0,14,172,0,0,4132,6QfZgJa0nrIKLwAdso7ai9,47,8,21,Techno,2019-05-13,,ROBPM,330461,19I2mi8kcf0fmoDphv1SOC,52,Double Slap,"0,0299","0,747","0,88","0,825",1,"0,151","-3,532",1,"0,0772","130,005",4,"0,109",59,,,kOqUn6RVers,115366,0
0,0,119,994,2,20,4869,0Qz30d7mkqvt8G8NQa2Us8,39,50,137,Techno,2019-12-13,,Andre Crom,325305,4Mu3FVQgaPBs6HJNmHGogM,47,Surge - Re:Axis' About Love Remix,"0,0000276","0,793","0,872","0,896",11,"0,112","-8,177",1,"0,134","132,006",4,"0,0559",1,0,62,3iSuXXwHkIQ,1903,0
6,74,262,1115,0,0,53948,21A7bhIL1m6CNZn8y57PIZ,58,46,131,Techno,2019-08-30,,Reinier Zonneveld,263816,48jCzxsRfT2J9TKPFG0yA5,54,Eating Concrete,"0,00204","0,726","0,95","0,799",8,"0,104","-8,203",0,"0,0874","131,018",4,"0,274",167,73,7700,uoPY8E16l-M,250610,0
1,8,18,221,0,0,34034,64kN9EkSTHYhda2FupL0KI,38,9,33,Techno,2012-10-08,,Blawan,429098,1248Wa4xcpcUoD1djuqkTw,27,6 To 6 Lick,"0,0379","0,748","0,997","0,88",6,"0,101","-7,36",0,"0,0488","128,033",4,"0,145",30,12,1215,2MLTEnOzDX8,66563,0
0,0,113,1003,0,0,59094,4W991QdgKWX4TO864ypInA,52,36,66,Techno,2020-02-14,,Eats Everything,385358,2PG9z26A4EYn2PHmqgyeWK,34,EEE's,"0,00574","0,811","0,898","0,543",9,"0,0917","-5,603",1,"0,0834","130,006",4,"0,157",1,0,8,h0PF1WgbGpw,160,0
1,9,56,623,0,0,674,5eLnVIw3o3U9wxDBB0RVWa,25,19,74,Techno,2020-02-10,,Temudo,371729,5chf4Qzmjg6oQLESa5Mtpc,30,Tough To Say,"0,00318","0,743","0,856","0,901",6,"0,133","-8,818",0,"0,132","133,012",4,"0,358",6,0,137,5xFpuGYrpJk,3108,0
1,11,95,1111,0,0,83048,1u7DsNFbakULvxnDGtMm90,53,15,42,Techno,2017-07-31,,Enrico Sangiuliano,483960,32nw9Qc5rYjsPWGLy14Yh5,53,Astral Projection,"0,0182","0,798","0,738","0,941",6,"0,11","-8,357",0,"0,0606","124,981",4,"0,325",746,1195,61653,Qds6cxR4Inw,5044294,0
0,0,69,953,0,0,2575,0A1wu73Im00lBOBgUM7Ati,33,27,70,Techno,2020-01-17,,Transcode,451875,6Rnj6SbTsWUqViYBxusYpC,38,Devotion,"0,00198","0,716","0,748","0,79",1,"0,102","-8,997",0,"0,053","128,005",4,"0,0905",1,0,52,uQ0mZudxneQ,1067,0
9,127,419,984,1,16,40599,7KkV7dFoGEXr4M3fpb1FgD,51,70,136,Techno,2020-01-06,,Thomas Schumacher,426034,4FDpUI2sQTvuLABIgw9q6n,44,Feist,"0,00142","0,583","0,885","0,871",4,"0,083","-8,94",0,"0,0524","129,002",4,"0,25",134,29,3825,yG3Dc2Iici8,89522,0
0,0,40,790,1,14,259,21eiOIycysmwvv0hSl5XBS,33,9,30,Techno,2019-09-09,,Furia,508544,0F2DgukSZwmJ0R5PIl5KN9,40,Koi,"0,01","0,628","0,944","0,842",2,"0,0911","-7,832",1,"0,0397","126,013",4,"0,0364",8,0,39,iHWZy8xMkJA,1546,0
93,861,225,1096,4,128,1870610,0YC192cP3KPCRWx8zr8MfZ,80,39,63,Classic,2019-04-19,,Hans Zimmer,211022,71HJdMEVB6uUWZiVVnxpjv,48,Tennessee,"0,979","0,528","0,00904","0,836",0,"0,087","-27,961",1,"0,0533","80,81",4,"0,153",3280,2511,75282,opP4PcZ7aN4,17824475,0
1091,1529,9,329,59,1634,1370727,2QOIawHpSlOwXDvSqQ9YJR,74,82,58,Classic,2019-10-25,,Antonio Vivaldi,114546,43DdnwOjTLhjC6Xq5J0JzP,49,L'Inverno (Winter) Op. 8 No. 4 in F minor: II. Largo,"0,884","0,319","0,221","0,898",5,"0,195","-16,057",0,"0,0371","80,687",4,"0,16",4,0,76,Njhrxnwmjys,7093,0
1224,1087,95,1540,18,726,316459,2UqjDAXnDxejEyE0CzfUrZ,63,55,123,Classic,1969,,Robert Schumann,537160,0s63DkEqahMvcSQSBJ6TJV,44,"Piano Quartet No. 2 in E-Flat Major, Op. 47: I. Sostenuto assai - Allegro ma non troppo","0,972","0,316","0,231","0,719",3,"0,128","-17,796",1,"0,0408","98,111",4,"0,112",0,0,7,s3SZpQu7LmM,638,0
61,1102,368,1107,0,0,171997,4aP1lp10BRYZO658B2NwkG,68,15,36,Classic,1985-01-01,,Andrew Lloyd Webber,235200,6qmLe59Zdjj5yQNsQ2iGLT,45,Requiem: 7. Pie Jesu,"0,968","0,127","0,0222","0,219",8,"0,108","-28,677",1,"0,0518","66,643",4,"0,039",248,151,4603,31oAcmBz044,488643,0
1062,1209,18,610,50,1086,591250,3MKCzCnpzw3TjUYs2v7vDA,72,148,116,Classic,2016-09-09,,Pyotr Ilyich Tchaikovsky,385533,6kJgI6t5h6Q4j2gQyE3r7g,48,Waltz of the Flowers,"0,963","0,211","0,13","0,322",2,"0,0829","-16,476",1,"0,0329","80,088",3,"0,142",10828,5683,274746,QxHkLdQy5f0,46302550,0
82,1090,434,1754,1,12,50807,08ewVs9B2qQZ2Gy3xfTFyo,50,6,6,Classic,2020-02-28,,Giovanni Battista Pergolesi,288440,35IxKBBnTz7kAQTChzDmlR,33,"Stabat Mater in F Minor, P. 77: I. Stabat Mater dolorosa","0,932","0,199","0,03","0,0045",4,"0,105","-23,469",0,"0,0415","83,441",4,"0,0393",1,0,36,FKt3dP6D3nk,982,0
9,111,10,266,0,0,39158,2iSn12gFykgv92aTvPiH4s,57,3,3,Classic,2019-11-22,,HAUSER,180866,2xCtrN9PYxH6WIOUj06jM6,52,River Flows in You,"0,972","0,25","0,385","0,892",9,"0,11","-8,947",1,"0,0379","133,875",4,"0,357",906,210,29615,bDopd6MNWyk,900797,0
5,66,17,744,0,0,676802,6Fi8CHfO8WGtu3yO8c2Mc4,66,14,14,Classic,2017-03-17,,2CELLOS,365493,6OLgebma3uuh5KDG5ZXjF5,55,Now We are Free,"0,941","0,176","0,258","0,911",7,"0,081","-14,569",1,"0,0413","137,383",4,"0,0529",3779,3023,163993,74CYIdYoQ5w,11539336,0
0,0,325,2203,1,4,833,2XVw29JYdo8C5MfteMnCqL,45,5,8,Classic,1975,,Remo Giazotto,503200,5Fw4nhdXk4THgyfetrwpDf,49,Adagio in G Minor (Attrib. Albinoni) [Arr. for Chamber Orchestra],"0,734","0,09","0,117","0,877",0,"0,101","-19,816",0,"0,045","82,297",4,"0,0376",2,0,27,lzmiW8uKpc4,1709,0